# Story vocabulary for word completion (written by the Yachachiq team, same license as the repo).
# lang<TAB>word<TAB>boost (fraction of the most frequent word's count; 0.002 ~ a common word)
# Quechua spellings follow the official Southern Quechua alphabet (3 vowels); please have a
# Quechua speaker review them.
spa	cóndor	0.003
spa	llama	0.003
spa	alpaca	0.003
spa	vicuña	0.003
spa	puma	0.003
spa	zorro	0.002
spa	colibrí	0.002
spa	serpiente	0.002
spa	montaña	0.003
spa	nevado	0.002
spa	cerro	0.002
spa	sol	0.003
spa	luna	0.003
spa	estrella	0.002
spa	río	0.003
spa	lago	0.002
spa	mar	0.002
spa	casa	0.003
spa	pueblo	0.002
spa	niño	0.003
spa	niña	0.003
spa	mamá	0.003
spa	papá	0.003
spa	abuela	0.002
spa	abuelo	0.002
spa	agua	0.003
spa	árbol	0.003
spa	flor	0.002
spa	perro	0.003
spa	gato	0.002
spa	maíz	0.003
spa	papa	0.003
spa	quinua	0.002
spa	chacra	0.002
spa	lluvia	0.002
spa	viento	0.002
spa	fuego	0.002
spa	piedra	0.002
spa	camino	0.002
spa	cielo	0.002
spa	tierra	0.002
spa	volar	0.002
spa	caminar	0.002
spa	jugar	0.002
spa	comer	0.002
spa	dormir	0.002
spa	grande	0.002
spa	pequeño	0.002
spa	feliz	0.002
spa	triste	0.002
spa	había	0.002
spa	una	0.002
spa	vez	0.002
spa	Machu	0.002
spa	Picchu	0.002
spa	Cusco	0.002
spa	Lima	0.002
spa	Titicaca	0.002
spa	Pachamama	0.002
spa	inca	0.002
spa	chasqui	0.002
spa	huaca	0.002
spa	cerámica	0.002
que	kuntur	0.003
que	llama	0.003
que	paqucha	0.002
que	wik'uña	0.002
que	puma	0.002
que	atuq	0.002
que	q'inti	0.002
que	amaru	0.002
que	urqu	0.003
que	apu	0.002
que	inti	0.003
que	killa	0.003
que	ch'aska	0.002
que	mayu	0.003
que	qucha	0.002
que	wasi	0.003
que	llaqta	0.002
que	wawa	0.003
que	mama	0.003
que	tayta	0.003
que	yaku	0.003
que	sach'a	0.002
que	t'ika	0.002
que	allqu	0.003
que	michi	0.002
que	sara	0.003
que	papa	0.003
que	kinwa	0.002
que	chakra	0.002
que	para	0.002
que	wayra	0.002
que	nina	0.002
que	rumi	0.002
que	ñan	0.002
que	pacha	0.002
que	runa	0.002
que	warmi	0.002
que	qhari	0.002
que	hatun	0.002
que	huch'uy	0.002
que	sumaq	0.002
que	kusi	0.002
que	Pachamama	0.002
eng	condor	0.003
eng	llama	0.003
eng	alpaca	0.002
eng	puma	0.002
eng	fox	0.002
eng	hummingbird	0.002
eng	snake	0.002
eng	mountain	0.003
eng	sun	0.003
eng	moon	0.003
eng	star	0.002
eng	river	0.003
eng	lake	0.002
eng	house	0.003
eng	village	0.002
eng	boy	0.003
eng	girl	0.003
eng	mom	0.003
eng	dad	0.003
eng	grandmother	0.002
eng	water	0.003
eng	tree	0.003
eng	flower	0.002
eng	dog	0.003
eng	cat	0.002
eng	corn	0.003
eng	potato	0.003
eng	rain	0.002
eng	wind	0.002
eng	fire	0.002
eng	stone	0.002
eng	road	0.002
eng	sky	0.002
eng	fly	0.002
eng	Peru	0.002
eng	Andes	0.002
eng	Inca	0.002
